-- @formatter:off

DELETE FROM EMPLOYEE;
DELETE FROM USERGROUP;
DELETE FROM AUTHOR;
DELETE FROM LIBRARYUSER;
DELETE FROM KEYWORD;
DELETE FROM PUBLICATIONTYPE;
DELETE FROM PUBLICATION;
DELETE FROM LIBRARYSYSTEMSETTING;
DELETE FROM LIBRARYUSER_ROLE;
DELETE FROM ROLE;
DELETE FROM PUBLICATION_KEYWORD;
DELETE FROM LENDINGPROCESS;
DELETE FROM REMINDER;
DELETE FROM PUBLICATION_AUTHOR;
DELETE FROM LIBRARYEMPLOYEE_ROLE;
DELETE FROM ROLE;

INSERT INTO LIBRARYSYSTEMSETTING (ID, PARAMETERKEY, PARAMETERVALUE) VALUES(1, 'LENDING_INTERVAL_IN_DAYS', '30');
INSERT INTO LIBRARYSYSTEMSETTING (ID, PARAMETERKEY, PARAMETERVALUE) VALUES(2, 'REMINDER_INTERVAL_IN_DAYS', '7');
INSERT INTO LIBRARYSYSTEMSETTING (ID, PARAMETERKEY, PARAMETERVALUE) VALUES(3, 'MAX_REMINDER_COUNT', '3');
INSERT INTO LIBRARYSYSTEMSETTING (ID, PARAMETERKEY, PARAMETERVALUE) VALUES(4, 'MAX_EXTENSION_COUNT', '2');

INSERT INTO ROLE (ID, NAME) VALUES (-1, 'admin');
INSERT INTO ROLE (ID, NAME) VALUES (-2, 'user');

--PW: Gretchen
INSERT INTO LIBRARYUSER (EMAIL, FIRSTNAME, LASTNAME, STUDENTNUMBER, USERNAME, ID, PASSWORD)
VALUES ('pinguinbibliothek@gmail.com', 'Karl', 'Frank', 175, 'karl.frank', -2,
        '94a0d50eead055ca1c1bfb72d6f7196be72b18fcd41d8b5d681a30574b370dc4');
INSERT INTO LIBRARYUSER (EMAIL, FIRSTNAME, LASTNAME, STUDENTNUMBER, USERNAME, ID, PASSWORD)
VALUES ('pinguinbibliothek@gmail.com', 'Lexi-Mai', 'Cole', 177, 'lexi-mai.cole', -3,
        '94a0d50eead055ca1c1bfb72d6f7196be72b18fcd41d8b5d681a30574b370dc4');
INSERT INTO LIBRARYUSER (EMAIL, FIRSTNAME, LASTNAME, STUDENTNUMBER, USERNAME, ID, PASSWORD)
VALUES ('pinguinbibliothek@gmail.com', 'Sanjeev', 'Frame', 178, 'sanjeev.frame', -4,
        '94a0d50eead055ca1c1bfb72d6f7196be72b18fcd41d8b5d681a30574b370dc4');
INSERT INTO LIBRARYUSER (EMAIL, FIRSTNAME, LASTNAME, STUDENTNUMBER, USERNAME, ID, PASSWORD)
VALUES ('pinguinbibliothek@gmail.com', 'Abu', 'Ryder', 179, 'abu.ryder', -5,
        '94a0d50eead055ca1c1bfb72d6f7196be72b18fcd41d8b5d681a30574b370dc4');
INSERT INTO LIBRARYUSER (EMAIL, FIRSTNAME, LASTNAME, STUDENTNUMBER, USERNAME, ID, PASSWORD)
VALUES ('pinguinbibliothek@gmail.com', 'Rolf', 'Albert', NULL, 'rolf.albert', -6,
        '94a0d50eead055ca1c1bfb72d6f7196be72b18fcd41d8b5d681a30574b370dc4');

INSERT INTO LIBRARYUSER_ROLE (LIBRARYUSER_ID, ROLES_ID) VALUES (-4, -1);
INSERT INTO LIBRARYUSER_ROLE (LIBRARYUSER_ID, ROLES_ID) VALUES (-2, -1);
INSERT INTO LIBRARYUSER_ROLE (LIBRARYUSER_ID, ROLES_ID) VALUES (-3, -2);
INSERT INTO LIBRARYUSER_ROLE (LIBRARYUSER_ID, ROLES_ID) VALUES (-5, -2);
INSERT INTO LIBRARYUSER_ROLE (LIBRARYUSER_ID, ROLES_ID) VALUES (-6, -2);

INSERT INTO PUBLICATIONTYPE (ISAUTHORREQUIRED, ISISBNREQUIRED, ISPUBLICATIONDATEREQUIRED,
                             ISPUBLISHERREQUIRED, PUBLICATIONTYPENAMEDE, PUBLICATIONTYPENAMEEN, ID)
VALUES (TRUE, TRUE, TRUE, TRUE, 'Buch', 'Book', -2);
INSERT INTO PUBLICATIONTYPE (ISAUTHORREQUIRED, ISISBNREQUIRED, ISPUBLICATIONDATEREQUIRED
    ISPUBLISHERREQUIRED, PUBLICATIONTYPENAMEDE, PUBLICATIONTYPENAMEEN, ID)
VALUES (TRUE, FALSE, TRUE, TRUE, 'Zeitung', 'Newspaper', -3);
INSERT INTO PUBLICATIONTYPE (ISAUTHORREQUIRED, ISISBNREQUIRED, ISPUBLICATIONDATEREQUIRED,
                             ISPUBLISHERREQUIRED, PUBLICATIONTYPENAMEDE, PUBLICATIONTYPENAMEEN, ID)
VALUES (TRUE, FALSE, FALSE, FALSE, 'Graue Literatur', 'Grey literature', -4);
INSERT INTO PUBLICATIONTYPE (ISAUTHORREQUIRED, ISISBNREQUIRED, ISPUBLICATIONDATEREQUIRED,
                             ISPUBLISHERREQUIRED, PUBLICATIONTYPENAMEDE, PUBLICATIONTYPENAMEEN, ID)
VALUES (TRUE, FALSE, TRUE, TRUE, 'Fachartikel', 'Paper', -5);
INSERT INTO PUBLICATIONTYPE (ISAUTHORREQUIRED, ISISBNREQUIRED, ISPUBLICATIONDATEREQUIRED,
                             ISPUBLISHERREQUIRED, PUBLICATIONTYPENAMEDE, PUBLICATIONTYPENAMEEN, ID)
VALUES (TRUE, FALSE, TRUE, TRUE, 'Konferenzpapier', 'Conference paper', -6);

INSERT INTO KEYWORD (ID, VALUEDE, VALUEEN) VALUES (-2, 'Informatik', 'Computer Science');
INSERT INTO KEYWORD (ID, VALUEDE, VALUEEN) VALUES (-3, 'Deutsch', 'German');
INSERT INTO KEYWORD (ID, VALUEDE, VALUEEN) VALUES (-4, 'Geschichte', 'History');
INSERT INTO KEYWORD (ID, VALUEDE, VALUEEN) VALUES (-5, 'Anglizistik', 'English');
INSERT INTO KEYWORD (ID, VALUEDE, VALUEEN) VALUES (-6, 'Anthropologie', 'Anthropology');

INSERT INTO PUBLICATION (AVAILABLESTOCK, TOTALSTOCK, ISBN, LOSTAMOUNT,
                         PUBLICATIONDATE, PUBLICATIONTYPE_ID, PUBLISHER, TITLE, ID, INTERNALID)
VALUES(10, 10, '978-3-451-03241-7', 0, '2022-10-10', -2, 'Herder',
       'Die Zukunftsformel. Echter Fortschritt braucht Wiederholung', -2, 'NAT II 2045 1');
INSERT INTO PUBLICATION (AVAILABLESTOCK, TOTALSTOCK, ISBN, LOSTAMOUNT,
                         PUBLICATIONDATE, PUBLICATIONTYPE_ID, PUBLISHER, TITLE, ID, INTERNALID)
VALUES(1, 2, '978-3-424-63235-4', 0, '2022-10-13', -2, 'Kailash', 'Wer wir sind', -3, 'NAT II 3848 2');
INSERT INTO PUBLICATION (AVAILABLESTOCK, TOTALSTOCK, ISBN, LOSTAMOUNT,
                         PUBLICATIONDATE, PUBLICATIONTYPE_ID, PUBLISHER, TITLE, ID, INTERNALID)
VALUES(0, 1, '978-3-608-50163-6', 0, '1999-10-19', -2, 'Tropen',
       'Gegen die Ohnmacht. Meine Großmutter, die Politik und ich', -4, 'XKA 51 1015 (19)-1+4');
INSERT INTO PUBLICATION (AVAILABLESTOCK, TOTALSTOCK, ISBN, LOSTAMOUNT,
                         PUBLICATIONDATE, PUBLICATIONTYPE_ID, PUBLISHER, TITLE, ID, INTERNALID)
VALUES(8, 10, '978-0-764-55957-0', 0, '1999-10-10', -2, 'John Wiley & Sons',
       'Jakarta Struts for Dummies. A Reference for the Rest of Us!', -5, 'IT 3023 4');
INSERT INTO PUBLICATION (AVAILABLESTOCK, TOTALSTOCK, LOSTAMOUNT,
                         , PUBLICATIONTYPE_ID, TITLE, ID, INTERNALID)
VALUES(8, 100, 0, -4, 'My favorite web application', -6, 'GN 4');
INSERT INTO PUBLICATION (AVAILABLESTOCK, TOTALSTOCK, LOSTAMOUNT,
    , PUBLICATIONTYPE_ID, TITLE, ID, INTERNALID)
VALUES(6, 15, 0, -4, 'LaTex für Dummies', -7, 'GN 6');
INSERT INTO PUBLICATION (AVAILABLESTOCK, TOTALSTOCK, LOSTAMOUNT,
                         PUBLICATIONDATE, PUBLICATIONTYPE_ID, PUBLISHER, TITLE, ID, INTERNALID)
VALUES(5, 16, 0, '2020-10-10', -6, 'Peter Pan',
       'Be the best version of yourself!', -8, 'FF 3023 4');
INSERT INTO PUBLICATION (AVAILABLESTOCK, TOTALSTOCK, LOSTAMOUNT,
                         PUBLICATIONDATE, PUBLICATIONTYPE_ID, PUBLISHER, TITLE, ID, INTERNALID)
VALUES(4, 15, 0, '2015-10-10', -7, 'Peter Pan',
       'Be the best version of yourself 2!', -9, 'FF 3023 45');

INSERT INTO PUBLICATION_KEYWORD (PUBLICATION_ID, KEYWORDS_ID) VALUES (-2,-2);
INSERT INTO PUBLICATION_KEYWORD (PUBLICATION_ID, KEYWORDS_ID) VALUES (-2,-3);
INSERT INTO PUBLICATION_KEYWORD (PUBLICATION_ID, KEYWORDS_ID) VALUES (-3,-4);
INSERT INTO PUBLICATION_KEYWORD (PUBLICATION_ID, KEYWORDS_ID) VALUES (-4,-4);

INSERT INTO LENDINGPROCESS
(ID,ACTUALRETURNDATE,EXTENSIONCOUNT,ISLOST,ISRETURNED,LENDINGDATE,PLANNEDRETURNDATE,LIBRARYUSER_ID,PUBLICATION_ID)

VALUES (-2,NULL,0,FALSE,FALSE, DATEADD(day, -29, CURRENT_TIMESTAMP()),
        DATEADD(hour, 23, DATEADD(minute, 59, DATEADD(second, 59, DATEADD(day, 1, CURRENT_DATE())))),-3,-3);


INSERT INTO LENDINGPROCESS
(ID,ACTUALRETURNDATE,EXTENSIONCOUNT,ISLOST,ISRETURNED,LENDINGDATE,PLANNEDRETURNDATE,LIBRARYUSER_ID,PUBLICATION_ID)
VALUES (-3,NULL,0,FALSE,FALSE,TIMESTAMP '2022-10-01 12:00:00.111000',TIMESTAMP '2022-11-01 23:59:59.999000',-2,-2);

INSERT INTO REMINDER (ID,DATE,LENDINGPROCESSID)
VALUES
(-1,DATE '2022-11-07',-3),
(-2,DATE '2022-11-14',-3);

INSERT INTO AUTHOR (ID, FIRSTNAME, LASTNAME) VALUES (-2, 'Harald', 'Lesch');
INSERT INTO AUTHOR (ID, FIRSTNAME, LASTNAME) VALUES (-3, 'Thomas', 'Schwartz');
INSERT INTO AUTHOR (ID, FIRSTNAME, LASTNAME) VALUES (-4, 'Simon', 'Biallowons');
INSERT INTO AUTHOR (ID, FIRSTNAME, LASTNAME) VALUES (-5, 'Stefanie', 'Stahl');
INSERT INTO AUTHOR (ID, FIRSTNAME, LASTNAME) VALUES (-6, 'Luisa', 'Neubauer');
INSERT INTO AUTHOR (ID, FIRSTNAME, LASTNAME) VALUES (-7, 'Dagmar', 'Reemtsma');
INSERT INTO AUTHOR (ID, FIRSTNAME, LASTNAME) VALUES (-8, 'Hans', 'Meier');

INSERT INTO PUBLICATION_AUTHOR (PUBLICATION_ID, AUTHOR_ID) VALUES (-2,-2);
INSERT INTO PUBLICATION_AUTHOR (PUBLICATION_ID, AUTHOR_ID) VALUES (-2,-3);
INSERT INTO PUBLICATION_AUTHOR (PUBLICATION_ID, AUTHOR_ID) VALUES (-2,-4);
INSERT INTO PUBLICATION_AUTHOR (PUBLICATION_ID, AUTHOR_ID) VALUES (-3,-5);
INSERT INTO PUBLICATION_AUTHOR (PUBLICATION_ID, AUTHOR_ID) VALUES (-4,-6);
INSERT INTO PUBLICATION_AUTHOR (PUBLICATION_ID, AUTHOR_ID) VALUES (-4,-7);
INSERT INTO PUBLICATION_AUTHOR (PUBLICATION_ID, AUTHOR_ID) VALUES (-5,-8);